0.000000000000000000e+00,-7.515255905765936273e-01
3.333333333333333287e-02,3.839917326094080541e-01
6.666666666666666574e-02,-5.197452118339364047e-01
1.000000000000000056e-01,3.767852305286098491e-02
1.333333333333333315e-01,-3.448627511779003285e-01
1.666666666666666574e-01,-1.988888698132049160e-01
2.000000000000000111e-01,-2.608218020242059620e-01
2.333333333333333370e-01,-1.240502804879085874e-01
2.666666666666666630e-01,-2.307175656153181292e-02
2.999999999999999889e-01,-9.560710498118390327e-03
3.333333333333333148e-01,2.779192697800476897e-02
3.666666666666666408e-01,4.134996709312345475e-02
4.000000000000000222e-01,1.234003806684247362e-01
4.333333333333333481e-01,1.232313807921700394e-01
4.666666666666666741e-01,2.804303269896589110e-02
5.000000000000000000e-01,1.233379844950615312e-01
5.333333333333333259e-01,8.583909566542960445e-02
5.666666666666666519e-01,3.896357063343004051e-02
5.999999999999999778e-01,8.689083350912175929e-02
6.333333333333333037e-01,6.979395063186831505e-02
6.666666666666666297e-01,7.091552497183156722e-02
6.999999999999999556e-01,1.331844794467293598e-02
7.333333333333332815e-01,1.496577110968486668e-01
7.666666666666666075e-01,5.554301603479062932e-02
8.000000000000000444e-01,-6.974797896569876962e-03
8.333333333333333703e-01,1.895633095933096891e-04
8.666666666666666963e-01,3.761559565666755880e-03
9.000000000000000222e-01,-4.346983420789727465e-02
9.333333333333333481e-01,3.221102557394700527e-02
9.666666666666666741e-01,-1.096989131788118389e-02
1.000000000000000000e+00,5.087872533661606800e-02
1.033333333333333215e+00,7.226955389624827031e-02
1.066666666666666652e+00,2.494770021438987365e-02
1.100000000000000089e+00,6.493460013665387776e-02
1.133333333333333304e+00,1.274351697626844304e-01
1.166666666666666741e+00,-3.658896731837512489e-02
1.199999999999999956e+00,-7.249126614804718427e-02
1.233333333333333393e+00,-2.769588729591503928e-01
1.266666666666666607e+00,-3.443522737033790637e-01
1.300000000000000044e+00,-2.756248676011579524e-01
1.333333333333333259e+00,-2.982034706214101161e-01
1.366666666666666696e+00,-2.985524027261413083e-01
1.399999999999999911e+00,-1.776247919315418200e-01
1.433333333333333348e+00,-2.832879497006153893e-02
1.466666666666666563e+00,-2.823302166848143738e-02
1.500000000000000000e+00,-1.006651764001825072e-01
1.533333333333333215e+00,7.345763786026171527e-02
1.566666666666666652e+00,1.054605204956613890e-01
1.600000000000000089e+00,2.439007545882059258e-01
1.633333333333333304e+00,2.866066222269152419e-01
1.666666666666666741e+00,3.150549109770123812e-01
1.699999999999999956e+00,4.161785059972866185e-01
1.733333333333333393e+00,3.860845540601360315e-01
1.766666666666666607e+00,3.501311111282620070e-01
1.800000000000000044e+00,2.542534227311132877e-01
1.833333333333333259e+00,2.097901335185325677e-01
1.866666666666666696e+00,1.150283075728068399e-01
1.899999999999999911e+00,-2.455529887692060615e-03
1.933333333333333348e+00,-3.025602911405436430e-03
1.966666666666666563e+00,-1.120018748869654190e-02
2.000000000000000000e+00,-8.086533782488097843e-02
2.033333333333333215e+00,2.246056508620880021e-01
2.066666666666666430e+00,-5.217964834818560327e-01
2.100000000000000089e+00,-6.637014445109189476e-01
2.133333333333333304e+00,1.004962055232685003e+00
2.166666666666666519e+00,-3.374684581366537706e-01
2.200000000000000178e+00,-5.832736398003915967e-01
2.233333333333333393e+00,1.315711534759437695e+00
2.266666666666666607e+00,-5.064244104707487093e-01
2.299999999999999822e+00,-5.296000440807336895e-01
2.333333333333333481e+00,1.149703449349521955e+00
2.366666666666666696e+00,-6.688113236619943613e-01
2.399999999999999911e+00,-6.377370606875323311e-01
2.433333333333333126e+00,9.962820878425484583e-01
2.466666666666666785e+00,-8.226117337885575642e-01
2.500000000000000000e+00,-5.440937413331434769e-01
2.533333333333333215e+00,8.625493566166657633e-01
2.566666666666666430e+00,-5.426343026613253961e-01
2.600000000000000089e+00,-5.131244607160788673e-01
2.633333333333333304e+00,9.952178013000170242e-01
2.666666666666666519e+00,-3.571298008628288612e-01
2.700000000000000178e+00,-2.645797285644533869e-01
2.733333333333333393e+00,1.356984714628628019e+00
2.766666666666666607e+00,-4.013191509360264364e-01
2.799999999999999822e+00,-2.266448112467157189e-02
2.833333333333333481e+00,1.272473736544797562e+00
2.866666666666666696e+00,-5.744147522459183142e-01
2.899999999999999911e+00,-7.891769311962019973e-02
2.933333333333333126e+00,1.078897954612950238e+00
2.966666666666666785e+00,-7.289328671591315256e-01
3.000000000000000000e+00,-5.793202200472453989e-02
3.033333333333333215e+00,5.973929226128870118e-01
3.066666666666666430e+00,-1.246909502620816124e+00
3.100000000000000089e+00,-3.651501393963876851e-01
3.133333333333333304e+00,4.147790660548638653e-01
3.166666666666666519e+00,-1.458630449928995709e+00
3.200000000000000178e+00,-3.762664113764176421e-01
3.233333333333333393e+00,3.911116297666731301e-01
3.266666666666666607e+00,-1.280374089807317928e+00
3.299999999999999822e+00,-2.757742224307292433e-01
3.333333333333333481e+00,5.322728345913361192e-01
3.366666666666666696e+00,-1.040484245858825707e+00
3.399999999999999911e+00,-8.728286297099262236e-02
3.433333333333333126e+00,8.895071749774795533e-01
3.466666666666666785e+00,-6.012275780230895705e-01
3.500000000000000000e+00,3.643842920383257855e-01
3.533333333333333215e+00,1.199614756710810859e+00
3.566666666666666430e+00,-4.657463065249816681e-01
3.600000000000000089e+00,3.359203253532126454e-01
3.633333333333333304e+00,1.281678066757764078e+00
3.666666666666666519e+00,-4.529618148816523249e-01
3.699999999999999734e+00,4.380346313547235360e-01
3.733333333333333393e+00,1.078827664101789319e+00
3.766666666666666607e+00,-6.158620413510369485e-01
3.799999999999999822e+00,4.587454003762002075e-01
3.833333333333333481e+00,1.147827265044661260e+00
3.866666666666666696e+00,-5.169070084541830257e-01
3.899999999999999911e+00,5.139735629480755019e-01
3.933333333333333126e+00,9.807458094328764808e-01
3.966666666666666785e+00,-6.813163163574496028e-01
4.000000000000000000e+00,4.161185101944273046e-01
4.033333333333333215e+00,7.239096084709819579e-01
4.066666666666666430e+00,-1.001217056562811791e+00
4.099999999999999645e+00,1.633948961757845098e-01
4.133333333333332860e+00,4.195435162446810584e-01
4.166666666666666963e+00,-1.193486550730722406e+00
4.200000000000000178e+00,-4.058180146857543608e-02
4.233333333333333393e+00,2.064329713166173363e-01
4.266666666666666607e+00,-1.329343878949127422e+00
4.299999999999999822e+00,1.908580514460614108e-01
4.333333333333333037e+00,2.451923804938815621e-01
4.366666666666666252e+00,-1.137251852733547119e+00
4.400000000000000355e+00,5.116484013046179724e-01
4.433333333333333570e+00,2.731660158138452532e-01
4.466666666666666785e+00,-9.960152858531845510e-01
4.500000000000000000e+00,4.513462203959306418e-01
4.533333333333333215e+00,2.143048825205292884e-01
4.566666666666666430e+00,-1.458317164724138637e+00
4.599999999999999645e+00,6.490860598711273299e-01
4.633333333333332860e+00,1.295867787835886242e-01
4.666666666666666963e+00,-1.390534335424889800e+00
4.700000000000000178e+00,7.415286409572521276e-01
4.733333333333333393e+00,-1.068564291240355485e-01
4.766666666666666607e+00,-1.023297055651855914e+00
4.799999999999999822e+00,7.578135907195833187e-01
4.833333333333333037e+00,2.786421404165161930e-01
4.866666666666666252e+00,-7.585977572046885831e-01
4.900000000000000355e+00,8.809766308600748275e-01
4.933333333333333570e+00,2.915488839936264398e-01
4.966666666666666785e+00,-8.397422158899299216e-01
5.000000000000000000e+00,9.271068258994502598e-01
5.033333333333333215e+00,2.729209998803453496e-01
5.066666666666666430e+00,-1.357858283165232605e+00
5.099999999999999645e+00,7.703861660383396481e-01
5.133333333333332860e+00,8.308419982774263579e-02
5.166666666666666963e+00,-1.592246512286700666e+00
5.200000000000000178e+00,5.277876285703800852e-01
5.233333333333333393e+00,-3.115403739314794307e-01
5.266666666666666607e+00,-1.283384109227287961e+00
5.299999999999999822e+00,4.854765424228069115e-01
5.333333333333333037e+00,-9.326771877398128130e-02
5.366666666666666252e+00,-1.250660503073304231e+00
5.400000000000000355e+00,4.878192685708878096e-01
5.433333333333333570e+00,-4.613482231281335749e-02
5.466666666666666785e+00,-1.152896192054793545e+00
5.500000000000000000e+00,5.796962338204116882e-01
5.533333333333333215e+00,4.648549577285762680e-02
5.566666666666666430e+00,-1.593817009854384015e+00
5.599999999999999645e+00,5.464813935032100112e-01
5.633333333333332860e+00,8.760682937379397905e-02
5.666666666666666963e+00,-1.340262431436532342e+00
5.700000000000000178e+00,8.602504745244579087e-01
5.733333333333333393e+00,-6.688815738790694632e-02
5.766666666666666607e+00,-8.632074888595492324e-01
5.799999999999999822e+00,9.857488320125633585e-01
5.833333333333333037e+00,3.839494785678759792e-01
5.866666666666666252e+00,-7.123665855126850577e-01
5.900000000000000355e+00,9.753714892152066662e-01
5.933333333333333570e+00,2.955046597561677979e-01
5.966666666666666785e+00,-7.536462633696097146e-01
6.000000000000000000e+00,1.096681715572273008e+00
6.033333333333333215e+00,7.588563615280779877e-03
6.066666666666666430e+00,-1.416772043923522295e+00
6.099999999999999645e+00,8.024597837654459109e-01
6.133333333333332860e+00,-2.172148933657009340e-01
6.166666666666666963e+00,-1.463042019479179556e+00
6.200000000000000178e+00,7.828199587196787990e-01
6.233333333333333393e+00,-6.712172925419789271e-01
6.266666666666666607e+00,-1.252371919448636461e+00
6.299999999999999822e+00,7.670269067101137539e-01
6.333333333333333037e+00,-2.351643649924392288e-01
6.366666666666666252e+00,-1.092646079758948563e+00
6.400000000000000355e+00,8.876620570814097722e-01
6.433333333333333570e+00,-1.059722097033613669e-01
6.466666666666666785e+00,-9.947885469913800849e-01
6.500000000000000000e+00,1.095558037215679459e+00
6.533333333333333215e+00,-3.112668787892765021e-01
6.566666666666666430e+00,-8.169800207016031379e-01
6.599999999999999645e+00,1.262283570570635671e+00
6.633333333333332860e+00,-2.793667580830335728e-01
6.666666666666666963e+00,-7.932441988176410774e-01
6.700000000000000178e+00,1.261908140853946092e+00
6.733333333333333393e+00,-2.048797449548456495e-01
6.766666666666666607e+00,-9.078688330469856238e-01
6.799999999999999822e+00,1.242387715497703660e+00
6.833333333333333037e+00,-2.320128134893569560e-01
6.866666666666666252e+00,-1.040400968199281850e+00
6.899999999999999467e+00,1.154798269469277550e+00
6.933333333333333570e+00,-3.025283553996182540e-01
6.966666666666666785e+00,-1.126707844983290574e+00
7.000000000000000000e+00,8.941715362016062763e-01
7.033333333333333215e+00,-4.343348397613993050e-01
7.066666666666666430e+00,-1.109905944344789619e+00
7.099999999999999645e+00,9.870275344803076667e-01
7.133333333333332860e+00,-2.948791299303368252e-01
7.166666666666666963e+00,-1.004415100857749321e+00
7.200000000000000178e+00,1.060762704654962141e+00
7.233333333333333393e+00,-3.798928361239553575e-01
7.266666666666666607e+00,-1.005951375406612058e+00
7.299999999999999822e+00,9.968646850664766301e-01
7.333333333333333037e+00,-2.203119924407895003e-01
7.366666666666666252e+00,-1.062732013746212623e+00
7.399999999999999467e+00,1.030099158806996762e+00
7.433333333333333570e+00,-2.617347192249080412e-01
7.466666666666666785e+00,-1.025457065665909218e+00
7.500000000000000000e+00,9.970736530789154894e-01
7.533333333333333215e+00,-4.151516500565690104e-01
7.566666666666666430e+00,-9.310382587057045578e-01
7.599999999999999645e+00,1.082412204998154825e+00
7.633333333333332860e+00,-4.877315911847097119e-01
7.666666666666666963e+00,-9.052268698329603014e-01
7.700000000000000178e+00,9.340427275578785382e-01
7.733333333333333393e+00,-5.723345327418584150e-01
7.766666666666666607e+00,-7.894254622001076749e-01
7.799999999999999822e+00,1.467441939565392595e+00
7.833333333333333037e+00,-5.483369588426821872e-01
7.866666666666666252e+00,-7.265485089868426449e-01
7.899999999999999467e+00,1.615349974216185203e+00
7.933333333333333570e+00,-4.655947979547413462e-01
7.966666666666666785e+00,-6.652698940620328516e-01
8.000000000000000000e+00,1.121986265637575864e+00
8.033333333333333215e+00,-8.648899299310719435e-01
8.066666666666666430e+00,5.961023180608813199e-01
8.099999999999999645e+00,-4.214597241270251482e-02
8.133333333333332860e+00,-1.759248757960452658e-01
8.166666666666666075e+00,1.159320114058548956e+00
8.199999999999999289e+00,-6.966774056588497244e-01
8.233333333333332504e+00,9.692207528627009294e-01
8.266666666666665719e+00,-1.533974221771367275e-01
8.300000000000000711e+00,-4.408641795279540365e-01
8.333333333333333925e+00,3.288987316947498130e-01
8.366666666666667140e+00,-1.001085516970760647e+00
8.400000000000000355e+00,7.267720070837775381e-01
8.433333333333333570e+00,-8.910678805117840939e-01
8.466666666666666785e+00,-2.136879998959075044e-01
8.500000000000000000e+00,4.818530962660456662e-01
8.533333333333333215e+00,-8.070637273259579914e-01
8.566666666666666430e+00,8.760442000637993498e-01
8.599999999999999645e+00,-6.352722021438791389e-01
8.633333333333332860e+00,2.914984366049502285e-01
8.666666666666666075e+00,4.730572547312520415e-01
8.699999999999999289e+00,-8.983519322866113654e-01
8.733333333333332504e+00,9.017169554181253543e-01
8.766666666666665719e+00,-5.983158103205824530e-01
8.800000000000000711e+00,4.727973555144548978e-01
8.833333333333333925e+00,3.456346007775354945e-01
8.866666666666667140e+00,-5.016353723836933787e-01
8.900000000000000355e+00,1.328480718325669718e+00
8.933333333333333570e+00,-7.941373708446241020e-01
8.966666666666666785e+00,3.637740103874863573e-01
9.000000000000000000e+00,4.297089771794868063e-01
9.033333333333333215e+00,-3.808925201648548087e-01
9.066666666666666430e+00,1.181641102473154792e+00
9.099999999999999645e+00,-8.031702195556565949e-01
9.133333333333332860e+00,5.897578841499612201e-01
9.166666666666666075e+00,3.263978876280125285e-01
9.199999999999999289e+00,-6.810820258306842234e-01
9.233333333333332504e+00,8.275769180942851300e-01
9.266666666666665719e+00,-1.081565146407678091e+00
9.300000000000000711e+00,5.754200584951514319e-01
9.333333333333333925e+00,-4.648159596097054536e-01
9.366666666666667140e+00,-4.924877404024000649e-01
9.400000000000000355e+00,6.127597269879632158e-01
9.433333333333333570e+00,-8.994177925183522992e-01
9.466666666666666785e+00,1.023367200633101826e+00
9.500000000000000000e+00,-3.942687229591335107e-01
9.533333333333333215e+00,6.568565813663182484e-02
9.566666666666666430e+00,6.924780081422480249e-01
9.599999999999999645e+00,-7.670952495957984452e-01
9.633333333333332860e+00,1.298342953162972435e+00
9.666666666666666075e+00,-9.521306612616446674e-02
9.699999999999999289e+00,1.264568433645566203e-01
9.733333333333332504e+00,9.347418515043764975e-01
9.766666666666665719e+00,-7.103657135000583933e-01
9.800000000000000711e+00,1.080496737580282529e+00
9.833333333333333925e+00,-4.835856899111106166e-01
9.866666666666667140e+00,-1.150358826444737581e-01
9.900000000000000355e+00,5.169296498118818306e-01
9.933333333333333570e+00,-7.514728085783299871e-01
9.966666666666666785e+00,9.647381758753410530e-01
1.000000000000000000e+01,-6.600294905436445703e-01
1.003333333333333321e+01,5.212568488524252919e-01
1.006666666666666643e+01,5.036597761471663937e-01
1.009999999999999964e+01,-8.207167278521293463e-01
1.013333333333333286e+01,9.853125394804541637e-01
1.016666666666666607e+01,-6.456664417677725476e-01
1.019999999999999929e+01,3.929439736412872475e-01
1.023333333333333250e+01,8.664762888652914608e-02
1.026666666666666572e+01,-9.668522620930602995e-01
1.030000000000000071e+01,9.693301851270349490e-01
1.033333333333333393e+01,-8.231536443051993279e-01
1.036666666666666714e+01,3.759514543285000787e-01
1.040000000000000036e+01,-3.034259453865545408e-02
1.043333333333333357e+01,-3.214101493089610573e-01
1.046666666666666679e+01,1.000457059987053920e+00
1.050000000000000000e+01,-8.125964870440705035e-01
1.053333333333333321e+01,7.882553980100746038e-01
1.056666666666666643e+01,2.365378919036293937e-01
1.059999999999999964e+01,-4.816412051190305244e-02
1.063333333333333286e+01,8.004568941172214291e-01
1.066666666666666607e+01,-8.188191813510914407e-01
1.069999999999999929e+01,9.118868140330752547e-01
1.073333333333333250e+01,-6.037023697194120464e-01
1.076666666666666572e+01,-4.468262108790253540e-01
1.080000000000000071e+01,3.647289569776127061e-01
1.083333333333333393e+01,-6.894012724919676982e-01
1.086666666666666714e+01,7.964054252893030261e-01
1.090000000000000036e+01,-6.828528895784347075e-01
1.093333333333333357e+01,3.841054143116479636e-01
1.096666666666666679e+01,4.965514280072673148e-01
1.100000000000000000e+01,-8.478696055482137783e-01
1.103333333333333321e+01,9.069392564988008054e-01
1.106666666666666643e+01,-7.209027905823058857e-01
1.109999999999999964e+01,3.770522345144672882e-01
1.113333333333333286e+01,-5.016101605171689737e-02
1.116666666666666607e+01,-7.124233788815812485e-01
1.119999999999999929e+01,8.980051017521294421e-01
1.123333333333333250e+01,-8.952352364574361898e-01
1.126666666666666572e+01,6.857002943095178438e-01
1.130000000000000071e+01,6.985519460558436977e-02
1.133333333333333393e+01,-9.508897645626239459e-02
1.136666666666666714e+01,8.329702483794259038e-01
1.140000000000000036e+01,-9.931301582695716279e-01
1.143333333333333357e+01,9.339383284478273151e-01
1.146666666666666679e+01,-2.025417255793183213e-01
1.150000000000000000e+01,-4.085979399575043192e-01
1.153333333333333321e+01,3.683506200542527864e-01
1.156666666666666643e+01,-7.966871584445609500e-01
1.159999999999999964e+01,8.733441284258306458e-01
1.163333333333333286e+01,-8.404759232588087103e-01
1.166666666666666607e+01,-1.006630708128788271e-01
1.169999999999999929e+01,3.571119332001641000e-01
1.173333333333333250e+01,-1.049124677606098510e+00
1.176666666666666572e+01,7.422563600674316753e-01
1.180000000000000071e+01,-8.046199513394267644e-01
1.183333333333333393e+01,2.153360588664178510e-01
1.186666666666666714e+01,3.539145117937732010e-01
1.190000000000000036e+01,-9.930458504413349763e-01
1.193333333333333357e+01,8.124389518668160282e-01
1.196666666666666679e+01,-5.399232388450255771e-01
1.200000000000000000e+01,1.910690108703778645e-01
1.203333333333333321e+01,1.592862600785081573e-01
1.206666666666666643e+01,-7.150879209104886725e-01
1.209999999999999964e+01,8.212240157040830990e-01
1.213333333333333286e+01,-9.585324568668278644e-01
1.216666666666666607e+01,5.818606445284879580e-01
1.219999999999999929e+01,1.526713515408327226e-01
1.223333333333333250e+01,-5.794479985328571114e-01
1.226666666666666572e+01,9.171702085185163833e-01
1.230000000000000071e+01,-8.376849885626409531e-01
1.233333333333333393e+01,6.689594910704694808e-01
1.236666666666666714e+01,1.686667995989242774e-01
1.240000000000000036e+01,-4.829190219983859889e-01
1.243333333333333357e+01,9.260340686185488668e-01
1.246666666666666679e+01,-9.117772647971232880e-01
1.250000000000000000e+01,5.987103275858270957e-01
1.253333333333333321e+01,2.274105779673029140e-02
1.256666666666666643e+01,-5.274736067128515948e-01
1.259999999999999964e+01,8.966109763773345565e-01
1.263333333333333286e+01,-1.116968736094229309e+00
1.266666666666666607e+01,6.135322916986459818e-01
1.269999999999999929e+01,-7.193150659636160515e-02
1.273333333333333250e+01,-4.208790472567288665e-01
1.276666666666666572e+01,1.024464131256949351e+00
1.280000000000000071e+01,-9.938487797030496340e-01
1.283333333333333393e+01,8.554598932785008047e-01
1.286666666666666714e+01,1.339223692534638743e-01
1.290000000000000036e+01,-3.756211634926692744e-01
1.293333333333333357e+01,6.683458384752664072e-01
1.296666666666666679e+01,-1.012697928996859398e+00
1.300000000000000000e+01,7.202487243422661667e-01
1.303333333333333321e+01,-5.519009297794968960e-01
1.306666666666666643e+01,-5.631969772130266394e-01
1.309999999999999964e+01,5.442978403077511906e-01
1.313333333333333286e+01,-1.119685156171213114e+00
1.316666666666666607e+01,7.782486441370680685e-01
1.319999999999999929e+01,-5.292588322205316054e-01
1.323333333333333250e+01,5.087985083254727148e-02
1.326666666666666572e+01,5.634806929055223845e-01
1.329999999999999893e+01,-5.319645574048915693e-01
1.333333333333333393e+01,8.938548985051897322e-01
1.336666666666666714e+01,-4.607641258110503069e-01
1.340000000000000036e+01,1.770142968665244232e-01
1.343333333333333357e+01,2.780558624494627318e-01
1.346666666666666679e+01,-7.140617893502894109e-01
1.350000000000000000e+01,8.259891366247410494e-01
1.353333333333333321e+01,-9.353008257827797323e-01
1.356666666666666643e+01,2.195740028228169716e-01
1.359999999999999964e+01,-1.664823436953866490e-02
1.363333333333333286e+01,-5.817623443606013689e-01
1.366666666666666607e+01,1.097765025064545652e+00
1.369999999999999929e+01,-9.884626106265111956e-01
1.373333333333333250e+01,6.934914568840067073e-01
1.376666666666666572e+01,2.065113069398540613e-01
1.379999999999999893e+01,-3.697276764390550197e-01
1.383333333333333393e+01,8.054825019282234599e-01
1.386666666666666714e+01,-6.960216723617010937e-01
1.390000000000000036e+01,5.772761232378266216e-01
1.393333333333333357e+01,-1.458222866022325648e-01
1.396666666666666679e+01,-6.302892799963973891e-01
1.400000000000000000e+01,9.095749813436131426e-01
1.403333333333333321e+01,-1.013541894646182939e+00
1.406666666666666643e+01,5.751003247634577376e-01
1.409999999999999964e+01,-2.104441758923790984e-01
1.413333333333333286e+01,2.293567858220144431e-02
1.416666666666666607e+01,9.919031138233234124e-01
1.419999999999999929e+01,-7.293528064206518113e-01
1.423333333333333250e+01,1.126320304724585775e+00
1.426666666666666572e+01,-1.537755036251227947e-01
1.429999999999999893e+01,2.405190645131868865e-01
1.433333333333333393e+01,5.042716641667077671e-01
1.436666666666666714e+01,-7.068944756079151848e-01
1.440000000000000036e+01,1.097680232903277320e+00
1.443333333333333357e+01,-7.755117395593476015e-01
1.446666666666666679e+01,3.059932789191862484e-02
1.450000000000000000e+01,5.813267365610016446e-01
1.453333333333333321e+01,-6.070539671355248412e-01
1.456666666666666643e+01,9.079176161245654519e-01
1.459999999999999964e+01,-5.905667378520007560e-01
1.463333333333333286e+01,3.524689700789226943e-01
1.466666666666666607e+01,4.901665695568742653e-01
1.469999999999999929e+01,-9.528256004192516837e-01
1.473333333333333250e+01,6.734132317510278520e-01
1.476666666666666572e+01,-8.347213924212294467e-01
1.479999999999999893e+01,3.457222326998089512e-01
1.483333333333333393e+01,-1.607941416829939130e-01
1.486666666666666714e+01,-8.831884210083095210e-01
1.490000000000000036e+01,8.181746632953729170e-01
1.493333333333333357e+01,-1.127850863354315836e+00
1.496666666666666679e+01,3.235132436125833788e-01
1.500000000000000000e+01,-3.116743878133277842e-02
1.503333333333333321e+01,-4.273452140343025341e-01
1.506666666666666643e+01,8.327141219066629407e-01
1.509999999999999964e+01,-8.205378330015519195e-01
1.513333333333333286e+01,9.640892769063833523e-01
1.516666666666666607e+01,-1.838940567338420984e-01
1.519999999999999929e+01,8.660833998135476774e-02
1.523333333333333250e+01,8.522806033166535622e-01
1.526666666666666572e+01,-6.918320506081881982e-01
1.529999999999999893e+01,1.309377984488541813e+00
1.533333333333333393e+01,-2.945206009200202479e-01
1.536666666666666714e+01,-2.119609492060049033e-02
1.540000000000000036e+01,8.084266610398423980e-01
1.543333333333333357e+01,-7.143807054719727434e-01
1.546666666666666679e+01,9.956093252432477447e-01
1.550000000000000000e+01,-4.744031994061810309e-01
1.553333333333333321e+01,7.622954763775074971e-02
1.556666666666666643e+01,5.432839732002586741e-01
1.559999999999999964e+01,-7.437290926141197911e-01
1.563333333333333286e+01,1.182181267362020449e+00
1.566666666666666607e+01,-5.946275322941807495e-01
1.569999999999999929e+01,7.684352255494460160e-02
1.573333333333333250e+01,1.500866726596628287e-01
1.576666666666666572e+01,-1.096722578859802510e+00
1.579999999999999893e+01,1.107054100085847370e+00
1.583333333333333393e+01,-8.590289535675977861e-01
1.586666666666666714e+01,-1.208381423873651217e-01
1.590000000000000036e+01,4.284410821588268692e-01
1.593333333333333357e+01,-6.597721278230662678e-01
1.596666666666666679e+01,1.012647667649366978e+00
1.600000000000000000e+01,-5.326053140608906222e-01
1.603333333333333144e+01,2.426864529817715221e-01
1.606666666666666643e+01,5.229578698796847336e-01
1.610000000000000142e+01,-9.252983327036696792e-01
1.613333333333333286e+01,9.178146192236267265e-01
1.616666666666666785e+01,-8.664194447697048940e-01
1.619999999999999929e+01,8.551867444188572531e-02
1.623333333333333428e+01,4.090280927764352037e-01
1.626666666666666572e+01,-8.194922137070185242e-01
1.630000000000000071e+01,1.278554140460765209e+00
1.633333333333333215e+01,-5.891295438607472290e-01
1.636666666666666714e+01,4.183138843283739639e-01
1.639999999999999858e+01,8.771801449400228323e-01
1.643333333333333357e+01,-9.837438787439831689e-01
1.646666666666666501e+01,1.161239073837371905e+00
1.650000000000000000e+01,-3.137468658413543054e-01
1.653333333333333144e+01,-1.486785163292469736e-01
1.656666666666666643e+01,9.533617410372143830e-01
1.660000000000000142e+01,-1.057107317139461600e+00
1.663333333333333286e+01,7.994847404237181987e-01
1.666666666666666785e+01,-7.168731211924540547e-01
1.669999999999999929e+01,-3.457146273123830049e-01
1.673333333333333428e+01,5.974247179528606733e-01
1.676666666666666572e+01,-9.503637259839907703e-01
1.680000000000000071e+01,1.208983428529095905e+00
1.683333333333333215e+01,-4.427367634362835980e-02
1.686666666666666714e+01,-1.532548805253134694e-01
1.689999999999999858e+01,1.270439836720562932e+00
1.693333333333333357e+01,-8.536053388413445964e-01
1.696666666666666501e+01,6.151160362682158711e-01
1.700000000000000000e+01,-1.448882528228957745e-01
1.703333333333333144e+01,-2.406775530641658001e-01
1.706666666666666643e+01,9.645152261576089847e-01
1.710000000000000142e+01,-1.063567793643795500e+00
1.713333333333333286e+01,5.910115752545823664e-01
1.716666666666666785e+01,-6.406216482120384859e-01
1.719999999999999929e+01,-5.362224117637117704e-01
1.723333333333333428e+01,5.280370829381156872e-01
1.726666666666666572e+01,-9.422989773677020731e-01
1.730000000000000071e+01,9.287126777319975046e-01
1.733333333333333215e+01,-3.345359080666658325e-01
1.736666666666666714e+01,-1.706049839477198904e-01
1.739999999999999858e+01,9.146837168998209755e-01
1.743333333333333357e+01,-9.392691088726680126e-01
1.746666666666666501e+01,6.804604282813359051e-01
1.750000000000000000e+01,-9.377193291825347554e-02
1.753333333333333144e+01,-2.410747373038347463e-01
1.756666666666666643e+01,1.083362470048353510e+00
1.760000000000000142e+01,-9.371429076217422383e-01
1.763333333333333286e+01,8.209601969700829338e-01
1.766666666666666785e+01,-3.039672751166883624e-01
1.769999999999999929e+01,-4.117224173196722958e-01
1.773333333333333428e+01,6.688030094079936427e-01
1.776666666666666572e+01,-9.479958146263521845e-01
1.780000000000000071e+01,6.831096533123233172e-01
1.783333333333333215e+01,-2.483577256287138324e-01
1.786666666666666714e+01,-5.464469307281152322e-01
1.789999999999999858e+01,1.140862524317332927e+00
1.793333333333333357e+01,-1.195835706932941722e+00
1.796666666666666501e+01,2.010293098779463994e-01
1.800000000000000000e+01,-7.577784161355348436e-02
1.803333333333333144e+01,-1.803668036697033961e-01
1.806666666666666643e+01,1.105838950226452067e+00
1.810000000000000142e+01,-5.631621009584977244e-01
1.813333333333333286e+01,9.348295814440662488e-01
1.816666666666666785e+01,-1.747907434481488220e-01
1.819999999999999929e+01,-3.842985267019843332e-01
1.823333333333333428e+01,7.304994547565200058e-01
1.826666666666666572e+01,-7.562342119289833242e-01
1.830000000000000071e+01,7.677788590091337850e-01
1.833333333333333215e+01,-5.024289405174964251e-01
1.836666666666666714e+01,-8.331006323617590192e-02
1.839999999999999858e+01,7.897981888572388476e-01
1.843333333333333357e+01,-1.200815474083743561e+00
1.846666666666666501e+01,7.035954754249853504e-01
1.850000000000000000e+01,-6.172442570998375455e-01
1.853333333333333144e+01,-4.969913416876916012e-01
1.856666666666666643e+01,5.838104809620180413e-01
1.860000000000000142e+01,-1.214032739401008865e+00
1.863333333333333286e+01,4.117894704898585334e-01
1.866666666666666785e+01,-1.054521151764534093e+00
1.869999999999999929e+01,-5.708759916706234172e-01
1.873333333333333428e+01,1.562172542060568103e-01
1.876666666666666572e+01,-1.269887765140478075e+00
1.880000000000000071e+01,6.669491863637524443e-01
1.883333333333333215e+01,-6.111490319159287310e-01
1.886666666666666714e+01,-2.016199601645610462e-01
1.889999999999999858e+01,8.292548015047929155e-01
1.893333333333333357e+01,-1.107800898575634907e+00
1.896666666666666501e+01,4.535780630706284788e-01
1.900000000000000000e+01,-3.050125576157754481e-01
1.903333333333333144e+01,-3.098742479334174460e-01
1.906666666666666643e+01,1.041453697387081823e+00
1.910000000000000142e+01,-7.479362744421267362e-01
1.913333333333333286e+01,8.145167776106329027e-01
1.916666666666666785e+01,-5.169791781823517285e-01
1.919999999999999929e+01,-3.193835163397637511e-01
1.923333333333333428e+01,5.189890186398338212e-01
1.926666666666666572e+01,-9.556418190025024462e-01
1.930000000000000071e+01,9.197936307829456259e-01
1.933333333333333215e+01,-1.876910701411211857e-01
1.936666666666666714e+01,-1.651040434557168521e-02
1.939999999999999858e+01,1.119701778639179190e+00
1.943333333333333357e+01,-8.336499136832793422e-01
1.946666666666666501e+01,8.419956894197565545e-01
1.950000000000000000e+01,-1.915277718090668546e-01
1.953333333333333144e+01,-1.836258780378427491e-01
1.956666666666666643e+01,9.439496557958456657e-01
1.960000000000000142e+01,-9.312079370996471095e-01
1.963333333333333286e+01,6.699498475025725819e-01
1.966666666666666785e+01,-7.728235540711522189e-01
1.969999999999999929e+01,-3.541420523690299027e-01
1.973333333333333428e+01,4.196617257102444043e-01
1.976666666666666572e+01,-1.096412045939759272e+00
1.980000000000000071e+01,7.816887873015750943e-01
1.983333333333333215e+01,-5.324442177841300916e-01
1.986666666666666714e+01,-2.965156719829984411e-01
1.989999999999999858e+01,7.248951164470717190e-01
1.993333333333333357e+01,-1.258214372660477309e+00
1.996666666666666501e+01,2.615283562610448143e-01
2.000000000000000000e+01,-4.622656588574168279e-01
2.003333333333333144e+01,-1.445302781855282603e+00
2.006666666666666643e+01,5.163403515246723918e-01
2.010000000000000142e+01,-1.206456614611812750e+00
2.013333333333333286e+01,6.500669398412561861e-01
2.016666666666666785e+01,-3.906516796952158588e-01
2.019999999999999929e+01,-3.263273553161740170e-01
2.023333333333333428e+01,9.927701778691845336e-01
2.026666666666666572e+01,-4.039750638299376417e-01
2.030000000000000071e+01,1.162321272096018765e+00
2.033333333333333215e+01,3.156632590040772124e-01
2.036666666666666714e+01,9.085774995153167444e-02
2.039999999999999858e+01,1.712774623500185944e+00
2.043333333333333357e+01,-6.194064320273570123e-01
2.046666666666666501e+01,7.079136416475551030e-01
2.050000000000000000e+01,2.556858875960309474e-01
2.053333333333333144e+01,-2.935445616000080804e-01
2.056666666666666643e+01,9.434718198513826204e-01
2.060000000000000142e+01,-7.000154034629743061e-01
2.063333333333333286e+01,3.264255985840586738e-01
2.066666666666666785e+01,-3.943701157505614674e-01
2.069999999999999929e+01,-7.971325038538933372e-01
2.073333333333333428e+01,3.953809541417169227e-01
2.076666666666666572e+01,-8.973508988965316346e-01
2.080000000000000071e+01,5.863675984864732404e-01
2.083333333333333215e+01,-4.902114351890215493e-01
2.086666666666666714e+01,-3.837252103842648254e-01
2.089999999999999858e+01,9.169983207387183421e-01
2.093333333333333357e+01,-1.083661291286122097e+00
2.096666666666666501e+01,2.887901999328161273e-01
2.100000000000000000e+01,-1.818429124715351952e-01
2.103333333333333144e+01,-5.307167457713850567e-01
2.106666666666666643e+01,8.105622824010965122e-01
2.110000000000000142e+01,-1.127240645720977374e+00
2.113333333333333286e+01,4.460491188182255096e-01
2.116666666666666785e+01,-8.024483505249756510e-01
2.119999999999999929e+01,-3.949818972639533854e-01
2.123333333333333428e+01,4.816092756149946696e-01
2.126666666666666572e+01,-1.102375394268322983e+00
2.130000000000000071e+01,8.475204107334547432e-01
2.133333333333333215e+01,-3.854550826411513031e-01
2.136666666666666714e+01,-1.098814240118745622e-01
2.139999999999999858e+01,7.975461004118713504e-01
2.143333333333333357e+01,-1.049360094255112452e+00
2.146666666666666501e+01,8.163019818652010873e-01
2.150000000000000000e+01,-3.889027651266425134e-01
2.153333333333333144e+01,-2.472988018717476033e-01
2.156666666666666643e+01,8.909066041118491874e-01
2.160000000000000142e+01,-1.115229319898983773e+00
2.163333333333333286e+01,7.792147115779959332e-01
2.166666666666666785e+01,-8.722118181637209533e-01
2.169999999999999929e+01,-7.523674540936106658e-02
2.173333333333333428e+01,4.960379956564476278e-01
2.176666666666666572e+01,-1.269889275149610697e+00
2.180000000000000071e+01,6.838288949303851227e-01
2.183333333333333215e+01,-3.285491088268611137e-01
2.186666666666666714e+01,-1.435673746590399869e-01
2.189999999999999858e+01,7.389959162325714370e-01
2.193333333333333357e+01,-9.811459016149172152e-01
2.196666666666666501e+01,6.641670454671867452e-01
2.200000000000000000e+01,-3.838492669912173527e-01
2.203333333333333144e+01,-4.602323523271618921e-02
2.206666666666666643e+01,1.116151392660458930e+00
2.210000000000000142e+01,-8.357753218162067288e-01
2.213333333333333286e+01,7.293298851308368524e-01
2.216666666666666785e+01,-6.517073441960775648e-01
2.219999999999999929e+01,-3.133687440389598122e-01
2.223333333333333428e+01,5.120587889624087508e-01
2.226666666666666572e+01,-1.077760332064861437e+00
2.230000000000000071e+01,9.052745668391675160e-01
2.233333333333333215e+01,-3.586061681238938426e-01
2.236666666666666714e+01,-7.169390980059586749e-02
2.239999999999999858e+01,9.322732990100880412e-01
2.243333333333333357e+01,-9.144960450146483177e-01
2.246666666666666501e+01,7.476527121845506496e-01
2.250000000000000000e+01,-1.330297919919822824e-01
2.253333333333333144e+01,-1.862553527127052411e-01
2.256666666666666643e+01,1.103983243032786721e+00
2.260000000000000142e+01,-9.337426836441654610e-01
2.263333333333333286e+01,6.228433399458765951e-01
2.266666666666666785e+01,-8.094379373515196985e-01
2.269999999999999929e+01,-3.594950021775393245e-01
2.273333333333333428e+01,3.512219515089811672e-01
2.276666666666666572e+01,-1.295737228798198526e+00
2.280000000000000071e+01,6.151522180386469474e-01
2.283333333333333215e+01,-4.670076803996386916e-01
2.286666666666666714e+01,-1.013252354029453295e-01
2.289999999999999858e+01,8.228858988398973784e-01
2.293333333333333357e+01,-9.827112860538138595e-01
2.296666666666666501e+01,5.500778094186946632e-01
2.300000000000000000e+01,-2.245262359484281045e-01
2.303333333333333144e+01,-1.846222357195086428e-01
2.306666666666666643e+01,1.024430123257108916e+00
2.310000000000000142e+01,-8.814862453415022170e-01
2.313333333333333286e+01,7.904635709753273787e-01
2.316666666666666785e+01,-6.502174927539816629e-01
2.319999999999999929e+01,-4.695945043291860910e-01
2.323333333333333428e+01,4.981750766165435884e-01
2.326666666666666572e+01,-9.920133760934961575e-01
2.330000000000000071e+01,8.642146670778190209e-01
2.333333333333333215e+01,-3.727121946620186033e-01
2.336666666666666714e+01,-1.238831288184344820e-01
2.339999999999999858e+01,9.263420593349378507e-01
2.343333333333333357e+01,-1.045826522830584748e+00
2.346666666666666501e+01,7.179410052555772470e-01
2.350000000000000000e+01,-2.057625234127570812e-01
2.353333333333333144e+01,-1.096706593157634468e-01
2.356666666666666643e+01,1.169476202186524594e+00
2.360000000000000142e+01,-8.159035964546648145e-01
2.363333333333333286e+01,7.652094591732773177e-01
2.366666666666666785e+01,-5.690636115503286963e-01
2.369999999999999929e+01,-3.753087799712070405e-01
2.373333333333333428e+01,6.409341064603816251e-01
2.376666666666666572e+01,-9.012114329262985724e-01
2.380000000000000071e+01,8.409915516809159941e-01
2.383333333333333215e+01,-2.870753237949553727e-01
2.386666666666666714e+01,-1.529559357380905205e-02
2.389999999999999858e+01,1.028392335034901794e+00
2.393333333333333357e+01,-9.011416510286996973e-01
2.396666666666666501e+01,6.985082840451327657e-01
2.400000000000000000e+01,-1.625812730520785898e-01
2.403333333333333144e+01,-2.324222643718242276e-01
2.406666666666666643e+01,1.094412041171700656e+00
2.410000000000000142e+01,-7.809517420897187368e-01
2.413333333333333286e+01,7.557837032122904919e-01
2.416666666666666785e+01,-6.070950658030935809e-01
2.419999999999999929e+01,-1.762328808391744328e-01
2.423333333333333428e+01,5.137535811919391460e-01
2.426666666666666572e+01,-9.704358082799448004e-01
2.430000000000000071e+01,8.298339331143426145e-01
2.433333333333333215e+01,-4.439046404172748428e-01
2.436666666666666714e+01,-9.050283349272306155e-02
2.439999999999999858e+01,9.176930575657321620e-01
2.443333333333333357e+01,-1.042364627243738795e+00
2.446666666666666501e+01,4.894787837335818348e-01
2.450000000000000000e+01,-3.410601366775931065e-01
2.453333333333333144e+01,-3.034061338422926468e-01
2.456666666666666643e+01,9.836211856375272067e-01
2.460000000000000142e+01,-1.034813238637011690e+00
2.463333333333333286e+01,6.925355974448423879e-01
2.466666666666666785e+01,-5.542289676691013467e-01
2.469999999999999929e+01,-3.613545871461851799e-01
2.473333333333333428e+01,5.840093037589149105e-01
2.476666666666666572e+01,-1.071535433608315380e+00
2.480000000000000071e+01,6.757042393039304207e-01
2.483333333333333215e+01,-4.942573841721273897e-01
2.486666666666666714e+01,-3.694526361785100410e-01
2.489999999999999858e+01,7.220443527813846796e-01
2.493333333333333357e+01,-1.155025317200995882e+00
2.496666666666666501e+01,1.036885930972109987e-01
2.500000000000000000e+01,-2.800863444681888081e-01
2.503333333333333144e+01,-4.888800146593378915e-01
2.506666666666666643e+01,1.108979406250826250e+00
2.510000000000000142e+01,-9.762380230774746481e-01
2.513333333333333286e+01,8.520733904119577318e-01
2.516666666666666785e+01,-5.441498905352681881e-01
2.519999999999999929e+01,-3.846813218395380707e-01
2.523333333333333428e+01,5.047131338021556557e-01
2.526666666666666572e+01,-1.074620401097771571e+00
2.530000000000000071e+01,7.651795192958020797e-01
2.533333333333333215e+01,-3.604262324951302832e-01
2.536666666666666714e+01,-2.448617869457515028e-01
2.539999999999999858e+01,7.400362147740727758e-01
2.543333333333333357e+01,-1.187592639523934679e+00
2.546666666666666501e+01,7.350024183239414199e-01
2.550000000000000000e+01,-4.758438435327125293e-01
2.553333333333333144e+01,-1.954318192292360534e-01
2.556666666666666643e+01,6.288392598273759848e-01
2.560000000000000142e+01,-9.713573382437070691e-01
2.563333333333333286e+01,6.881695035375106073e-01
2.566666666666666785e+01,-1.038043417120726453e+00
2.569999999999999929e+01,-2.584426321835621709e-01
2.573333333333333428e+01,1.985779202109032859e-01
2.576666666666666572e+01,-1.226642270511328237e+00
2.580000000000000071e+01,4.065154403142305917e-01
2.583333333333333215e+01,-7.754875263889141612e-01
2.586666666666666714e+01,-1.678606545675311867e-01
2.589999999999999858e+01,4.555498274065134523e-01
2.593333333333333357e+01,-1.168486490401196010e+00
2.596666666666666501e+01,9.029813677156320884e-01
2.600000000000000000e+01,-6.174383197418834568e-01
2.603333333333333144e+01,-2.056817677153786883e-01
2.606666666666666643e+01,7.975246806289912893e-01
2.609999999999999787e+01,-9.701653609835121372e-01
2.613333333333333286e+01,8.886432285857971403e-01
2.616666666666666785e+01,-8.703736791354111935e-01
2.619999999999999929e+01,-1.649705807320649420e-01
2.623333333333333428e+01,4.764595010460912494e-01
2.626666666666666572e+01,-9.590262811006451393e-01
2.630000000000000071e+01,7.965431901896965483e-01
2.633333333333333215e+01,-8.084225344146128700e-01
2.636666666666666714e+01,-1.285491009739675450e-02
2.639999999999999858e+01,4.579575498456151528e-01
2.643333333333333357e+01,-1.224554325835436774e+00
2.646666666666666501e+01,6.930953062401563614e-01
2.650000000000000000e+01,-6.595310927183418714e-01
2.653333333333333144e+01,-1.200329748221008741e-01
2.656666666666666643e+01,6.492313056424591222e-01
2.659999999999999787e+01,-1.036086453529919238e+00
2.663333333333333286e+01,5.747520956885955323e-01
2.666666666666666785e+01,-8.763189785794911479e-01
2.669999999999999929e+01,-2.268111152300046895e-01
2.673333333333333428e+01,2.483971283792290596e-01
2.676666666666666572e+01,-1.191161442297740569e+00
2.680000000000000071e+01,8.350979741657439392e-01
2.683333333333333215e+01,-7.090352644419253281e-01
2.686666666666666714e+01,-2.125603754325091632e-01
2.689999999999999858e+01,7.982123006186901959e-01
2.693333333333333357e+01,-1.033339142317816206e+00
2.696666666666666501e+01,5.666833675620200905e-01
2.700000000000000000e+01,-1.847537525916478351e-01
2.703333333333333144e+01,-4.626948081956461234e-01
2.706666666666666643e+01,9.786290947261664375e-01
2.709999999999999787e+01,-8.697434681255624689e-01
2.713333333333333286e+01,7.378834893447080434e-01
2.716666666666666785e+01,-5.154566946060338273e-01
2.719999999999999929e+01,-4.177944432850688727e-01
2.723333333333333428e+01,8.029919381823795721e-01
2.726666666666666572e+01,-8.412741797445508762e-01
2.730000000000000071e+01,1.059757383840929101e+00
2.733333333333333215e+01,-1.987565021504539287e-01
2.736666666666666714e+01,-1.484225742127332284e-02
2.739999999999999858e+01,1.032473085732707574e+00
2.743333333333333357e+01,-9.253864548530182921e-01
2.746666666666666501e+01,5.923088580136829373e-01
2.750000000000000000e+01,-2.614518998206939449e-01
2.753333333333333144e+01,-3.458579965354150465e-01
2.756666666666666643e+01,9.304334839393455514e-01
2.759999999999999787e+01,-9.676059779030024011e-01
2.763333333333333286e+01,6.412804046869182706e-01
2.766666666666666785e+01,-6.608678261391245368e-01
2.769999999999999929e+01,-4.219148484306595170e-01
2.773333333333333428e+01,4.542118515099765053e-01
2.776666666666666572e+01,-9.391102798154308262e-01
2.780000000000000071e+01,8.263594533077862625e-01
2.783333333333333215e+01,-5.136650613075026683e-01
2.786666666666666714e+01,-1.351922912144726263e-01
2.789999999999999858e+01,8.382845192835983728e-01
2.793333333333333357e+01,-1.099675023993032186e+00
2.796666666666666501e+01,5.778169198657663319e-01
2.800000000000000000e+01,-3.819027471436660659e-01
2.803333333333333144e+01,-3.743851717925283928e-01
2.806666666666666643e+01,9.870389350230084347e-01
2.809999999999999787e+01,-9.765925485609118217e-01
2.813333333333333286e+01,7.838771291808603880e-01
2.816666666666666785e+01,-4.375834863681074549e-01
2.819999999999999929e+01,-2.495439619448761304e-01
2.823333333333333428e+01,7.492626986080364038e-01
2.826666666666666572e+01,-8.835520527566842475e-01
2.830000000000000071e+01,8.847722275694520633e-01
2.833333333333333215e+01,-2.732166646020897649e-01
2.836666666666666714e+01,2.571662664297190773e-02
2.839999999999999858e+01,1.134643042316218819e+00
2.843333333333333357e+01,-7.959031856049595399e-01
2.846666666666666501e+01,7.554303628048711916e-01
2.850000000000000000e+01,6.516633084058976334e-04
2.853333333333333144e+01,-9.980694027478165253e-02
2.856666666666666643e+01,1.150567027315024360e+00
2.859999999999999787e+01,-8.031852069565570407e-01
2.863333333333333286e+01,8.903287819116294521e-01
2.866666666666666785e+01,-5.732432866014790518e-01
2.869999999999999929e+01,-3.063796469372420117e-01
2.873333333333333428e+01,5.384632530312567500e-01
2.876666666666666572e+01,-8.919290558295642768e-01
2.880000000000000071e+01,9.415402837352785381e-01
2.883333333333333215e+01,-2.538127182751582778e-01
2.886666666666666714e+01,-2.115195376000839067e-02
2.889999999999999858e+01,9.230359092405304722e-01
2.893333333333333357e+01,-1.019741672952428457e+00
2.896666666666666501e+01,4.179913617458060893e-01
2.900000000000000000e+01,-2.651605222985486954e-01
2.903333333333333144e+01,-3.870681279679192843e-01
2.906666666666666643e+01,9.834373331765183801e-01
2.909999999999999787e+01,-9.831479204559940843e-01
2.913333333333333286e+01,6.473960444839834683e-01
2.916666666666666785e+01,-7.970224167566392071e-01
2.919999999999999929e+01,-4.459471461905386569e-01
2.923333333333333428e+01,4.371012889775705568e-01
2.926666666666666572e+01,-1.162373444628075125e+00
2.930000000000000071e+01,7.111721051190000864e-01
2.933333333333333215e+01,-5.040745021208139498e-01
2.936666666666666714e+01,-1.703045551542782532e-01
2.939999999999999858e+01,7.624933076521084319e-01
2.943333333333333357e+01,-1.104180666335531580e+00
2.946666666666666501e+01,5.497946739362525870e-01
2.950000000000000000e+01,-3.302547693349489055e-01
2.953333333333333144e+01,-2.412269459665595250e-01
2.956666666666666643e+01,1.122786160169757963e+00
2.959999999999999787e+01,-8.035599492720008064e-01
2.963333333333333286e+01,7.918367139380382280e-01
2.966666666666666785e+01,-7.136803493237504625e-01
2.969999999999999929e+01,-3.444532296887783396e-01
2.973333333333333428e+01,3.790796149036036455e-01
2.976666666666666572e+01,-1.021808586639976868e+00
2.980000000000000071e+01,8.305874510534898558e-01
2.983333333333333215e+01,-3.901123568778819273e-01
2.986666666666666714e+01,-1.677422631647537410e-01
2.989999999999999858e+01,9.038964176414455709e-01
2.993333333333333357e+01,-1.102429707609685838e+00
2.996666666666666501e+01,4.538531346113154896e-01
3.000000000000000000e+01,-2.892027739657360708e-01
3.003333333333333144e+01,-3.130171657402499585e-01
3.006666666666666643e+01,1.014134293954454424e+00
3.009999999999999787e+01,-8.893257287897401442e-01
3.013333333333333286e+01,8.448367187230214626e-01
3.016666666666666785e+01,-6.962523511776648188e-01
3.019999999999999929e+01,-1.996762343653271932e-01
3.023333333333333428e+01,5.234714243097935427e-01
3.026666666666666572e+01,-1.088209217443792509e+00
3.030000000000000071e+01,9.648067553242556382e-01
3.033333333333333215e+01,-3.500815003640069811e-01
3.036666666666666714e+01,1.604541336408340513e-01
3.039999999999999858e+01,8.409505552809267703e-01
3.043333333333333357e+01,-9.381661579422544417e-01
3.046666666666666501e+01,9.531613622834154143e-01
3.050000000000000000e+01,-4.198744095411965360e-01
3.053333333333333144e+01,-8.120462477116004163e-02
3.056666666666666643e+01,8.952048059663857416e-01
3.059999999999999787e+01,-1.168685089591829485e+00
3.063333333333333286e+01,5.708803365951167219e-01
3.066666666666666785e+01,-1.039694209495688249e+00
3.069999999999999929e+01,-4.768027928383262171e-01
3.073333333333333428e+01,2.499096947065769792e-01
3.076666666666666572e+01,-1.366286726803839890e+00
3.080000000000000071e+01,7.619314696436141343e-01
3.083333333333333215e+01,-5.213142406611890323e-01
3.086666666666666714e+01,-1.424585694707996564e-01
3.089999999999999858e+01,7.987806613977632697e-01
3.093333333333333357e+01,-9.803748524805945275e-01
3.096666666666666501e+01,8.939160763432769663e-01
3.100000000000000000e+01,-4.826057155044488622e-01
3.103333333333333144e+01,9.720225871995484546e-02
3.106666666666666643e+01,1.029909321632612729e+00
3.109999999999999787e+01,-8.435534786606974089e-01
3.113333333333333286e+01,1.062466849756760645e+00
3.116666666666666785e+01,-8.927814222072715244e-01
3.119999999999999929e+01,1.832799097112720321e-01
3.123333333333333428e+01,6.156121916414429851e-01
3.126666666666666572e+01,-1.018681779258894471e+00
3.130000000000000071e+01,9.041526259931325082e-01
3.133333333333333215e+01,-5.533756135142877675e-01
3.136666666666666714e+01,-8.266622437289522507e-02
3.139999999999999858e+01,8.040519587680589053e-01
3.143333333333333357e+01,-1.070099357705942111e+00
3.146666666666666501e+01,5.507133770454564203e-01
3.150000000000000000e+01,-4.203241039189428707e-01
3.153333333333333144e+01,-4.824760718969116624e-01
3.156666666666666643e+01,8.335586524634293060e-01
3.159999999999999787e+01,-1.121372677971966603e+00
3.163333333333333286e+01,5.781775400033282164e-01
3.166666666666666785e+01,-5.906883673008374025e-01
3.169999999999999929e+01,-5.870649360911023296e-01
3.173333333333333428e+01,5.407075937633659679e-01
3.176666666666666572e+01,-8.375430135967911749e-01
3.180000000000000071e+01,4.334909020318958306e-01
3.183333333333333215e+01,1.495618353550295654e-01
3.186666666666666714e+01,-5.490408601742583494e-01
3.189999999999999858e+01,1.145976179015894214e+00
3.193333333333333357e+01,-7.871792121562982691e-01
3.196666666666666501e+01,1.649236993304633025e-01
3.200000000000000000e+01,3.128915907625366977e-01
3.203333333333333144e+01,-3.372396674849540976e-01
3.206666666666666288e+01,8.761351938828786379e-01
3.210000000000000142e+01,-5.069461635262039190e-01
3.213333333333333286e+01,4.726384245081570734e-01
3.216666666666666430e+01,-4.856807131520367998e-02
3.220000000000000284e+01,-2.474207980747392677e-01
3.223333333333333428e+01,1.272995651397317851e-01
3.226666666666666572e+01,-5.382847761714622259e-02
3.229999999999999716e+01,1.064457996007674850e-01
3.233333333333333570e+01,7.278431806839109897e-02
3.236666666666666714e+01,2.331207432491093356e-02
3.239999999999999858e+01,4.837815149521867419e-01
